"name","description","brand","price","salePrice","stock","lowStockAlert","header","category","subcategory","mainImage","galleryImages","status","variantName","variantPrice","variantSalePrice","variantStock"
"Premium Catch Test sub catagory 1 Item 1","High quality Premium Catch Test sub catagory 1 Item 1 selected from premium sources.","Catch","50","45","20","5","Test","Test category 1","Test sub catagory 1","https://images.unsplash.com/photo-1546069901-ba9599a7e63c","https://images.unsplash.com/photo-1546069901-ba9599a7e63c","active","Small Pack","50","45","20"
"Premium Catch Test sub catagory 1 Item 1","High quality Premium Catch Test sub catagory 1 Item 1 selected from premium sources.","Catch","50","45","20","5","Test","Test category 1","Test sub catagory 1","https://images.unsplash.com/photo-1546069901-ba9599a7e63c","https://images.unsplash.com/photo-1546069901-ba9599a7e63c","active","Large Pack","90","81","10"
"Organic Catch Test sub catagory 1 Item 2","High quality Organic Catch Test sub catagory 1 Item 2 selected from premium sources.","Catch","65","59","32","5","Test","Test category 1","Test sub catagory 1","https://images.unsplash.com/photo-1546069901-ba9599a7e63c","https://images.unsplash.com/photo-1546069901-ba9599a7e63c","active","Small Pack","65","59","32"
"Organic Catch Test sub catagory 1 Item 2","High quality Organic Catch Test sub catagory 1 Item 2 selected from premium sources.","Catch","65","59","32","5","Test","Test category 1","Test sub catagory 1","https://images.unsplash.com/photo-1546069901-ba9599a7e63c","https://images.unsplash.com/photo-1546069901-ba9599a7e63c","active","Large Pack","117","106","16"
"Natural Catch Test sub catagory 1 Item 3","High quality Natural Catch Test sub catagory 1 Item 3 selected from premium sources.","Catch","80","72","44","5","Test","Test category 1","Test sub catagory 1","https://images.unsplash.com/photo-1546069901-ba9599a7e63c","https://images.unsplash.com/photo-1546069901-ba9599a7e63c","active","Small Pack","80","72","44"
"Natural Catch Test sub catagory 1 Item 3","High quality Natural Catch Test sub catagory 1 Item 3 selected from premium sources.","Catch","80","72","44","5","Test","Test category 1","Test sub catagory 1","https://images.unsplash.com/photo-1546069901-ba9599a7e63c","https://images.unsplash.com/photo-1546069901-ba9599a7e63c","active","Large Pack","144","130","22"
"Fresh Catch Test sub catagory 1 Item 4","High quality Fresh Catch Test sub catagory 1 Item 4 selected from premium sources.","Catch","95","86","56","5","Test","Test category 1","Test sub catagory 1","https://images.unsplash.com/photo-1546069901-ba9599a7e63c","https://images.unsplash.com/photo-1546069901-ba9599a7e63c","active","Small Pack","95","86","56"
"Fresh Catch Test sub catagory 1 Item 4","High quality Fresh Catch Test sub catagory 1 Item 4 selected from premium sources.","Catch","95","86","56","5","Test","Test category 1","Test sub catagory 1","https://images.unsplash.com/photo-1546069901-ba9599a7e63c","https://images.unsplash.com/photo-1546069901-ba9599a7e63c","active","Large Pack","171","155","28"
"Classic Catch Test sub catagory 1 Item 5","High quality Classic Catch Test sub catagory 1 Item 5 selected from premium sources.","Catch","110","99","68","5","Test","Test category 1","Test sub catagory 1","https://images.unsplash.com/photo-1546069901-ba9599a7e63c","https://images.unsplash.com/photo-1546069901-ba9599a7e63c","active","Small Pack","110","99","68"
"Classic Catch Test sub catagory 1 Item 5","High quality Classic Catch Test sub catagory 1 Item 5 selected from premium sources.","Catch","110","99","68","5","Test","Test category 1","Test sub catagory 1","https://images.unsplash.com/photo-1546069901-ba9599a7e63c","https://images.unsplash.com/photo-1546069901-ba9599a7e63c","active","Large Pack","198","178","34"
"Sweet Catch Test sub catagory 1 Item 6","High quality Sweet Catch Test sub catagory 1 Item 6 selected from premium sources.","Catch","125","113","80","5","Test","Test category 1","Test sub catagory 1","https://images.unsplash.com/photo-1546069901-ba9599a7e63c","https://images.unsplash.com/photo-1546069901-ba9599a7e63c","active","Small Pack","125","113","80"
"Sweet Catch Test sub catagory 1 Item 6","High quality Sweet Catch Test sub catagory 1 Item 6 selected from premium sources.","Catch","125","113","80","5","Test","Test category 1","Test sub catagory 1","https://images.unsplash.com/photo-1546069901-ba9599a7e63c","https://images.unsplash.com/photo-1546069901-ba9599a7e63c","active","Large Pack","225","203","40"
"Organic Catch Baby Food Item 1","High quality Organic Catch Baby Food Item 1 selected from premium sources.","Catch","60","54","25","5","Kids","Kids Food","Baby Food","https://images.unsplash.com/photo-1546069901-ba9599a7e63c","https://images.unsplash.com/photo-1546069901-ba9599a7e63c","active","Small Pack","60","54","25"
"Organic Catch Baby Food Item 1","High quality Organic Catch Baby Food Item 1 selected from premium sources.","Catch","60","54","25","5","Kids","Kids Food","Baby Food","https://images.unsplash.com/photo-1546069901-ba9599a7e63c","https://images.unsplash.com/photo-1546069901-ba9599a7e63c","active","Large Pack","108","97","13"
"Natural Mother Dairy Baby Food Item 2","High quality Natural Mother Dairy Baby Food Item 2 selected from premium sources.","Mother Dairy","75","68","37","5","Kids","Kids Food","Baby Food","https://images.unsplash.com/photo-1546069901-ba9599a7e63c","https://images.unsplash.com/photo-1546069901-ba9599a7e63c","active","Small Pack","75","68","37"
"Natural Mother Dairy Baby Food Item 2","High quality Natural Mother Dairy Baby Food Item 2 selected from premium sources.","Mother Dairy","75","68","37","5","Kids","Kids Food","Baby Food","https://images.unsplash.com/photo-1546069901-ba9599a7e63c","https://images.unsplash.com/photo-1546069901-ba9599a7e63c","active","Large Pack","135","122","19"
"Fresh Huggies Baby Food Item 3","High quality Fresh Huggies Baby Food Item 3 selected from premium sources.","Huggies","90","81","49","5","Kids","Kids Food","Baby Food","https://images.unsplash.com/photo-1546069901-ba9599a7e63c","https://images.unsplash.com/photo-1546069901-ba9599a7e63c","active","Small Pack","90","81","49"
"Fresh Huggies Baby Food Item 3","High quality Fresh Huggies Baby Food Item 3 selected from premium sources.","Huggies","90","81","49","5","Kids","Kids Food","Baby Food","https://images.unsplash.com/photo-1546069901-ba9599a7e63c","https://images.unsplash.com/photo-1546069901-ba9599a7e63c","active","Large Pack","162","146","25"
"Classic Aptamil Baby Food Item 4","High quality Classic Aptamil Baby Food Item 4 selected from premium sources.","Aptamil","105","95","61","5","Kids","Kids Food","Baby Food","https://images.unsplash.com/photo-1546069901-ba9599a7e63c","https://images.unsplash.com/photo-1546069901-ba9599a7e63c","active","Small Pack","105","95","61"
"Classic Aptamil Baby Food Item 4","High quality Classic Aptamil Baby Food Item 4 selected from premium sources.","Aptamil","105","95","61","5","Kids","Kids Food","Baby Food","https://images.unsplash.com/photo-1546069901-ba9599a7e63c","https://images.unsplash.com/photo-1546069901-ba9599a7e63c","active","Large Pack","189","171","31"
"Sweet Haldirams Baby Food Item 5","High quality Sweet Haldirams Baby Food Item 5 selected from premium sources.","Haldirams","120","108","73","5","Kids","Kids Food","Baby Food","https://images.unsplash.com/photo-1546069901-ba9599a7e63c","https://images.unsplash.com/photo-1546069901-ba9599a7e63c","active","Small Pack","120","108","73"
"Sweet Haldirams Baby Food Item 5","High quality Sweet Haldirams Baby Food Item 5 selected from premium sources.","Haldirams","120","108","73","5","Kids","Kids Food","Baby Food","https://images.unsplash.com/photo-1546069901-ba9599a7e63c","https://images.unsplash.com/photo-1546069901-ba9599a7e63c","active","Large Pack","216","194","37"
"Pure Nestle Baby Food Item 6","High quality Pure Nestle Baby Food Item 6 selected from premium sources.","Nestle","135","122","85","5","Kids","Kids Food","Baby Food","https://images.unsplash.com/photo-1546069901-ba9599a7e63c","https://images.unsplash.com/photo-1546069901-ba9599a7e63c","active","Small Pack","135","122","85"
"Pure Nestle Baby Food Item 6","High quality Pure Nestle Baby Food Item 6 selected from premium sources.","Nestle","135","122","85","5","Kids","Kids Food","Baby Food","https://images.unsplash.com/photo-1546069901-ba9599a7e63c","https://images.unsplash.com/photo-1546069901-ba9599a7e63c","active","Large Pack","243","220","43"
"Natural Catch Baby Wipes Item 1","High quality Natural Catch Baby Wipes Item 1 selected from premium sources.","Catch","70","63","30","5","Kids","Kids Essentials","Baby Wipes","https://images.unsplash.com/photo-1546069901-ba9599a7e63c","https://images.unsplash.com/photo-1546069901-ba9599a7e63c","active","Small Pack","70","63","30"
"Natural Catch Baby Wipes Item 1","High quality Natural Catch Baby Wipes Item 1 selected from premium sources.","Catch","70","63","30","5","Kids","Kids Essentials","Baby Wipes","https://images.unsplash.com/photo-1546069901-ba9599a7e63c","https://images.unsplash.com/photo-1546069901-ba9599a7e63c","active","Large Pack","126","113","15"
"Fresh Huggies Baby Wipes Item 2","High quality Fresh Huggies Baby Wipes Item 2 selected from premium sources.","Huggies","85","77","42","5","Kids","Kids Essentials","Baby Wipes","https://images.unsplash.com/photo-1546069901-ba9599a7e63c","https://images.unsplash.com/photo-1546069901-ba9599a7e63c","active","Small Pack","85","77","42"
"Fresh Huggies Baby Wipes Item 2","High quality Fresh Huggies Baby Wipes Item 2 selected from premium sources.","Huggies","85","77","42","5","Kids","Kids Essentials","Baby Wipes","https://images.unsplash.com/photo-1546069901-ba9599a7e63c","https://images.unsplash.com/photo-1546069901-ba9599a7e63c","active","Large Pack","153","139","21"
"Classic Haldirams Baby Wipes Item 3","High quality Classic Haldirams Baby Wipes Item 3 selected from premium sources.","Haldirams","100","90","54","5","Kids","Kids Essentials","Baby Wipes","https://images.unsplash.com/photo-1546069901-ba9599a7e63c","https://images.unsplash.com/photo-1546069901-ba9599a7e63c","active","Small Pack","100","90","54"
"Classic Haldirams Baby Wipes Item 3","High quality Classic Haldirams Baby Wipes Item 3 selected from premium sources.","Haldirams","100","90","54","5","Kids","Kids Essentials","Baby Wipes","https://images.unsplash.com/photo-1546069901-ba9599a7e63c","https://images.unsplash.com/photo-1546069901-ba9599a7e63c","active","Large Pack","180","162","27"
"Sweet Cadbury Baby Wipes Item 4","High quality Sweet Cadbury Baby Wipes Item 4 selected from premium sources.","Cadbury","115","104","66","5","Kids","Kids Essentials","Baby Wipes","https://images.unsplash.com/photo-1546069901-ba9599a7e63c","https://images.unsplash.com/photo-1546069901-ba9599a7e63c","active","Small Pack","115","104","66"
"Sweet Cadbury Baby Wipes Item 4","High quality Sweet Cadbury Baby Wipes Item 4 selected from premium sources.","Cadbury","115","104","66","5","Kids","Kids Essentials","Baby Wipes","https://images.unsplash.com/photo-1546069901-ba9599a7e63c","https://images.unsplash.com/photo-1546069901-ba9599a7e63c","active","Large Pack","207","187","33"
"Pure Amul Baby Wipes Item 5","High quality Pure Amul Baby Wipes Item 5 selected from premium sources.","Amul","130","117","78","5","Kids","Kids Essentials","Baby Wipes","https://images.unsplash.com/photo-1546069901-ba9599a7e63c","https://images.unsplash.com/photo-1546069901-ba9599a7e63c","active","Small Pack","130","117","78"
"Pure Amul Baby Wipes Item 5","High quality Pure Amul Baby Wipes Item 5 selected from premium sources.","Amul","130","117","78","5","Kids","Kids Essentials","Baby Wipes","https://images.unsplash.com/photo-1546069901-ba9599a7e63c","https://images.unsplash.com/photo-1546069901-ba9599a7e63c","active","Large Pack","234","211","39"
"Instant Catch Baby Wipes Item 6","High quality Instant Catch Baby Wipes Item 6 selected from premium sources.","Catch","145","131","90","5","Kids","Kids Essentials","Baby Wipes","https://images.unsplash.com/photo-1546069901-ba9599a7e63c","https://images.unsplash.com/photo-1546069901-ba9599a7e63c","active","Small Pack","145","131","90"
"Instant Catch Baby Wipes Item 6","High quality Instant Catch Baby Wipes Item 6 selected from premium sources.","Catch","145","131","90","5","Kids","Kids Essentials","Baby Wipes","https://images.unsplash.com/photo-1546069901-ba9599a7e63c","https://images.unsplash.com/photo-1546069901-ba9599a7e63c","active","Large Pack","261","236","45"
"Fresh Catch Oral  Nasal Care Item 1","High quality Fresh Catch Oral  Nasal Care Item 1 selected from premium sources.","Catch","80","72","35","5","Kids","Kids Essentials","Oral & Nasal Care","https://images.unsplash.com/photo-1546069901-ba9599a7e63c","https://images.unsplash.com/photo-1546069901-ba9599a7e63c","active","Small Pack","80","72","35"
"Fresh Catch Oral  Nasal Care Item 1","High quality Fresh Catch Oral  Nasal Care Item 1 selected from premium sources.","Catch","80","72","35","5","Kids","Kids Essentials","Oral & Nasal Care","https://images.unsplash.com/photo-1546069901-ba9599a7e63c","https://images.unsplash.com/photo-1546069901-ba9599a7e63c","active","Large Pack","144","130","18"
"Classic Aptamil Oral  Nasal Care Item 2","High quality Classic Aptamil Oral  Nasal Care Item 2 selected from premium sources.","Aptamil","95","86","47","5","Kids","Kids Essentials","Oral & Nasal Care","https://images.unsplash.com/photo-1546069901-ba9599a7e63c","https://images.unsplash.com/photo-1546069901-ba9599a7e63c","active","Small Pack","95","86","47"
"Classic Aptamil Oral  Nasal Care Item 2","High quality Classic Aptamil Oral  Nasal Care Item 2 selected from premium sources.","Aptamil","95","86","47","5","Kids","Kids Essentials","Oral & Nasal Care","https://images.unsplash.com/photo-1546069901-ba9599a7e63c","https://images.unsplash.com/photo-1546069901-ba9599a7e63c","active","Large Pack","171","155","24"
"Sweet Cadbury Oral  Nasal Care Item 3","High quality Sweet Cadbury Oral  Nasal Care Item 3 selected from premium sources.","Cadbury","110","99","59","5","Kids","Kids Essentials","Oral & Nasal Care","https://images.unsplash.com/photo-1546069901-ba9599a7e63c","https://images.unsplash.com/photo-1546069901-ba9599a7e63c","active","Small Pack","110","99","59"
"Sweet Cadbury Oral  Nasal Care Item 3","High quality Sweet Cadbury Oral  Nasal Care Item 3 selected from premium sources.","Cadbury","110","99","59","5","Kids","Kids Essentials","Oral & Nasal Care","https://images.unsplash.com/photo-1546069901-ba9599a7e63c","https://images.unsplash.com/photo-1546069901-ba9599a7e63c","active","Large Pack","198","178","30"
"Pure Daawat Oral  Nasal Care Item 4","High quality Pure Daawat Oral  Nasal Care Item 4 selected from premium sources.","Daawat","125","113","71","5","Kids","Kids Essentials","Oral & Nasal Care","https://images.unsplash.com/photo-1546069901-ba9599a7e63c","https://images.unsplash.com/photo-1546069901-ba9599a7e63c","active","Small Pack","125","113","71"
"Pure Daawat Oral  Nasal Care Item 4","High quality Pure Daawat Oral  Nasal Care Item 4 selected from premium sources.","Daawat","125","113","71","5","Kids","Kids Essentials","Oral & Nasal Care","https://images.unsplash.com/photo-1546069901-ba9599a7e63c","https://images.unsplash.com/photo-1546069901-ba9599a7e63c","active","Large Pack","225","203","36"
"Instant Huggies Oral  Nasal Care Item 5","High quality Instant Huggies Oral  Nasal Care Item 5 selected from premium sources.","Huggies","140","126","83","5","Kids","Kids Essentials","Oral & Nasal Care","https://images.unsplash.com/photo-1546069901-ba9599a7e63c","https://images.unsplash.com/photo-1546069901-ba9599a7e63c","active","Small Pack","140","126","83"
"Instant Huggies Oral  Nasal Care Item 5","High quality Instant Huggies Oral  Nasal Care Item 5 selected from premium sources.","Huggies","140","126","83","5","Kids","Kids Essentials","Oral & Nasal Care","https://images.unsplash.com/photo-1546069901-ba9599a7e63c","https://images.unsplash.com/photo-1546069901-ba9599a7e63c","active","Large Pack","252","227","42"
"Traditional Nestle Oral  Nasal Care Item 6","High quality Traditional Nestle Oral  Nasal Care Item 6 selected from premium sources.","Nestle","155","140","95","5","Kids","Kids Essentials","Oral & Nasal Care","https://images.unsplash.com/photo-1546069901-ba9599a7e63c","https://images.unsplash.com/photo-1546069901-ba9599a7e63c","active","Small Pack","155","140","95"
"Traditional Nestle Oral  Nasal Care Item 6","High quality Traditional Nestle Oral  Nasal Care Item 6 selected from premium sources.","Nestle","155","140","95","5","Kids","Kids Essentials","Oral & Nasal Care","https://images.unsplash.com/photo-1546069901-ba9599a7e63c","https://images.unsplash.com/photo-1546069901-ba9599a7e63c","active","Large Pack","279","252","48"
"Classic Catch Skin  Hair Care Item 1","High quality Classic Catch Skin  Hair Care Item 1 selected from premium sources.","Catch","90","81","40","5","Kids","Kids Essentials","Skin & Hair Care","https://images.unsplash.com/photo-1546069901-ba9599a7e63c","https://images.unsplash.com/photo-1546069901-ba9599a7e63c","active","Small Pack","90","81","40"
"Classic Catch Skin  Hair Care Item 1","High quality Classic Catch Skin  Hair Care Item 1 selected from premium sources.","Catch","90","81","40","5","Kids","Kids Essentials","Skin & Hair Care","https://images.unsplash.com/photo-1546069901-ba9599a7e63c","https://images.unsplash.com/photo-1546069901-ba9599a7e63c","active","Large Pack","162","146","20"
"Sweet Haldirams Skin  Hair Care Item 2","High quality Sweet Haldirams Skin  Hair Care Item 2 selected from premium sources.","Haldirams","105","95","52","5","Kids","Kids Essentials","Skin & Hair Care","https://images.unsplash.com/photo-1546069901-ba9599a7e63c","https://images.unsplash.com/photo-1546069901-ba9599a7e63c","active","Small Pack","105","95","52"
"Sweet Haldirams Skin  Hair Care Item 2","High quality Sweet Haldirams Skin  Hair Care Item 2 selected from premium sources.","Haldirams","105","95","52","5","Kids","Kids Essentials","Skin & Hair Care","https://images.unsplash.com/photo-1546069901-ba9599a7e63c","https://images.unsplash.com/photo-1546069901-ba9599a7e63c","active","Large Pack","189","171","26"
"Pure Amul Skin  Hair Care Item 3","High quality Pure Amul Skin  Hair Care Item 3 selected from premium sources.","Amul","120","108","64","5","Kids","Kids Essentials","Skin & Hair Care","https://images.unsplash.com/photo-1546069901-ba9599a7e63c","https://images.unsplash.com/photo-1546069901-ba9599a7e63c","active","Small Pack","120","108","64"
"Pure Amul Skin  Hair Care Item 3","High quality Pure Amul Skin  Hair Care Item 3 selected from premium sources.","Amul","120","108","64","5","Kids","Kids Essentials","Skin & Hair Care","https://images.unsplash.com/photo-1546069901-ba9599a7e63c","https://images.unsplash.com/photo-1546069901-ba9599a7e63c","active","Large Pack","216","194","32"
"Instant Huggies Skin  Hair Care Item 4","High quality Instant Huggies Skin  Hair Care Item 4 selected from premium sources.","Huggies","135","122","76","5","Kids","Kids Essentials","Skin & Hair Care","https://images.unsplash.com/photo-1546069901-ba9599a7e63c","https://images.unsplash.com/photo-1546069901-ba9599a7e63c","active","Small Pack","135","122","76"
"Instant Huggies Skin  Hair Care Item 4","High quality Instant Huggies Skin  Hair Care Item 4 selected from premium sources.","Huggies","135","122","76","5","Kids","Kids Essentials","Skin & Hair Care","https://images.unsplash.com/photo-1546069901-ba9599a7e63c","https://images.unsplash.com/photo-1546069901-ba9599a7e63c","active","Large Pack","243","220","38"
"Traditional Cadbury Skin  Hair Care Item 5","High quality Traditional Cadbury Skin  Hair Care Item 5 selected from premium sources.","Cadbury","150","135","88","5","Kids","Kids Essentials","Skin & Hair Care","https://images.unsplash.com/photo-1546069901-ba9599a7e63c","https://images.unsplash.com/photo-1546069901-ba9599a7e63c","active","Small Pack","150","135","88"
"Traditional Cadbury Skin  Hair Care Item 5","High quality Traditional Cadbury Skin  Hair Care Item 5 selected from premium sources.","Cadbury","150","135","88","5","Kids","Kids Essentials","Skin & Hair Care","https://images.unsplash.com/photo-1546069901-ba9599a7e63c","https://images.unsplash.com/photo-1546069901-ba9599a7e63c","active","Large Pack","270","243","44"
"Healthy Catch Skin  Hair Care Item 6","High quality Healthy Catch Skin  Hair Care Item 6 selected from premium sources.","Catch","165","149","100","5","Kids","Kids Essentials","Skin & Hair Care","https://images.unsplash.com/photo-1546069901-ba9599a7e63c","https://images.unsplash.com/photo-1546069901-ba9599a7e63c","active","Small Pack","165","149","100"
"Healthy Catch Skin  Hair Care Item 6","High quality Healthy Catch Skin  Hair Care Item 6 selected from premium sources.","Catch","165","149","100","5","Kids","Kids Essentials","Skin & Hair Care","https://images.unsplash.com/photo-1546069901-ba9599a7e63c","https://images.unsplash.com/photo-1546069901-ba9599a7e63c","active","Large Pack","297","268","50"
"Sweet Catch Feeding Item 1","High quality Sweet Catch Feeding Item 1 selected from premium sources.","Catch","100","90","45","5","Kids","Kids Essentials","Feeding","https://images.unsplash.com/photo-1546069901-ba9599a7e63c","https://images.unsplash.com/photo-1546069901-ba9599a7e63c","active","Small Pack","100","90","45"
"Sweet Catch Feeding Item 1","High quality Sweet Catch Feeding Item 1 selected from premium sources.","Catch","100","90","45","5","Kids","Kids Essentials","Feeding","https://images.unsplash.com/photo-1546069901-ba9599a7e63c","https://images.unsplash.com/photo-1546069901-ba9599a7e63c","active","Large Pack","180","162","23"
"Pure Nestle Feeding Item 2","High quality Pure Nestle Feeding Item 2 selected from premium sources.","Nestle","115","104","57","5","Kids","Kids Essentials","Feeding","https://images.unsplash.com/photo-1546069901-ba9599a7e63c","https://images.unsplash.com/photo-1546069901-ba9599a7e63c","active","Small Pack","115","104","57"
"Pure Nestle Feeding Item 2","High quality Pure Nestle Feeding Item 2 selected from premium sources.","Nestle","115","104","57","5","Kids","Kids Essentials","Feeding","https://images.unsplash.com/photo-1546069901-ba9599a7e63c","https://images.unsplash.com/photo-1546069901-ba9599a7e63c","active","Large Pack","207","187","29"
"Instant Catch Feeding Item 3","High quality Instant Catch Feeding Item 3 selected from premium sources.","Catch","130","117","69","5","Kids","Kids Essentials","Feeding","https://images.unsplash.com/photo-1546069901-ba9599a7e63c","https://images.unsplash.com/photo-1546069901-ba9599a7e63c","active","Small Pack","130","117","69"
"Instant Catch Feeding Item 3","High quality Instant Catch Feeding Item 3 selected from premium sources.","Catch","130","117","69","5","Kids","Kids Essentials","Feeding","https://images.unsplash.com/photo-1546069901-ba9599a7e63c","https://images.unsplash.com/photo-1546069901-ba9599a7e63c","active","Large Pack","234","211","35"
"Traditional Nestle Feeding Item 4","High quality Traditional Nestle Feeding Item 4 selected from premium sources.","Nestle","145","131","81","5","Kids","Kids Essentials","Feeding","https://images.unsplash.com/photo-1546069901-ba9599a7e63c","https://images.unsplash.com/photo-1546069901-ba9599a7e63c","active","Small Pack","145","131","81"
"Traditional Nestle Feeding Item 4","High quality Traditional Nestle Feeding Item 4 selected from premium sources.","Nestle","145","131","81","5","Kids","Kids Essentials","Feeding","https://images.unsplash.com/photo-1546069901-ba9599a7e63c","https://images.unsplash.com/photo-1546069901-ba9599a7e63c","active","Large Pack","261","236","41"
"Healthy Catch Feeding Item 5","High quality Healthy Catch Feeding Item 5 selected from premium sources.","Catch","160","144","93","5","Kids","Kids Essentials","Feeding","https://images.unsplash.com/photo-1546069901-ba9599a7e63c","https://images.unsplash.com/photo-1546069901-ba9599a7e63c","active","Small Pack","160","144","93"
"Healthy Catch Feeding Item 5","High quality Healthy Catch Feeding Item 5 selected from premium sources.","Catch","160","144","93","5","Kids","Kids Essentials","Feeding","https://images.unsplash.com/photo-1546069901-ba9599a7e63c","https://images.unsplash.com/photo-1546069901-ba9599a7e63c","active","Large Pack","288","259","47"
"Premium Nestle Feeding Item 6","High quality Premium Nestle Feeding Item 6 selected from premium sources.","Nestle","175","158","105","5","Kids","Kids Essentials","Feeding","https://images.unsplash.com/photo-1546069901-ba9599a7e63c","https://images.unsplash.com/photo-1546069901-ba9599a7e63c","active","Small Pack","175","158","105"
"Premium Nestle Feeding Item 6","High quality Premium Nestle Feeding Item 6 selected from premium sources.","Nestle","175","158","105","5","Kids","Kids Essentials","Feeding","https://images.unsplash.com/photo-1546069901-ba9599a7e63c","https://images.unsplash.com/photo-1546069901-ba9599a7e63c","active","Large Pack","315","284","53"
"Pure Catch Health  Safety Item 1","High quality Pure Catch Health  Safety Item 1 selected from premium sources.","Catch","110","99","50","5","Kids","Kids Essentials","Health & Safety","https://images.unsplash.com/photo-1546069901-ba9599a7e63c","https://images.unsplash.com/photo-1546069901-ba9599a7e63c","active","Small Pack","110","99","50"
"Pure Catch Health  Safety Item 1","High quality Pure Catch Health  Safety Item 1 selected from premium sources.","Catch","110","99","50","5","Kids","Kids Essentials","Health & Safety","https://images.unsplash.com/photo-1546069901-ba9599a7e63c","https://images.unsplash.com/photo-1546069901-ba9599a7e63c","active","Large Pack","198","178","25"
"Instant Cadbury Health  Safety Item 2","High quality Instant Cadbury Health  Safety Item 2 selected from premium sources.","Cadbury","125","113","62","5","Kids","Kids Essentials","Health & Safety","https://images.unsplash.com/photo-1546069901-ba9599a7e63c","https://images.unsplash.com/photo-1546069901-ba9599a7e63c","active","Small Pack","125","113","62"
"Instant Cadbury Health  Safety Item 2","High quality Instant Cadbury Health  Safety Item 2 selected from premium sources.","Cadbury","125","113","62","5","Kids","Kids Essentials","Health & Safety","https://images.unsplash.com/photo-1546069901-ba9599a7e63c","https://images.unsplash.com/photo-1546069901-ba9599a7e63c","active","Large Pack","225","203","31"
"Traditional Huggies Health  Safety Item 3","High quality Traditional Huggies Health  Safety Item 3 selected from premium sources.","Huggies","140","126","74","5","Kids","Kids Essentials","Health & Safety","https://images.unsplash.com/photo-1546069901-ba9599a7e63c","https://images.unsplash.com/photo-1546069901-ba9599a7e63c","active","Small Pack","140","126","74"
"Traditional Huggies Health  Safety Item 3","High quality Traditional Huggies Health  Safety Item 3 selected from premium sources.","Huggies","140","126","74","5","Kids","Kids Essentials","Health & Safety","https://images.unsplash.com/photo-1546069901-ba9599a7e63c","https://images.unsplash.com/photo-1546069901-ba9599a7e63c","active","Large Pack","252","227","37"
"Healthy Amul Health  Safety Item 4","High quality Healthy Amul Health  Safety Item 4 selected from premium sources.","Amul","155","140","86","5","Kids","Kids Essentials","Health & Safety","https://images.unsplash.com/photo-1546069901-ba9599a7e63c","https://images.unsplash.com/photo-1546069901-ba9599a7e63c","active","Small Pack","155","140","86"
"Healthy Amul Health  Safety Item 4","High quality Healthy Amul Health  Safety Item 4 selected from premium sources.","Amul","155","140","86","5","Kids","Kids Essentials","Health & Safety","https://images.unsplash.com/photo-1546069901-ba9599a7e63c","https://images.unsplash.com/photo-1546069901-ba9599a7e63c","active","Large Pack","279","252","43"
"Premium Haldirams Health  Safety Item 5","High quality Premium Haldirams Health  Safety Item 5 selected from premium sources.","Haldirams","170","153","98","5","Kids","Kids Essentials","Health & Safety","https://images.unsplash.com/photo-1546069901-ba9599a7e63c","https://images.unsplash.com/photo-1546069901-ba9599a7e63c","active","Small Pack","170","153","98"
"Premium Haldirams Health  Safety Item 5","High quality Premium Haldirams Health  Safety Item 5 selected from premium sources.","Haldirams","170","153","98","5","Kids","Kids Essentials","Health & Safety","https://images.unsplash.com/photo-1546069901-ba9599a7e63c","https://images.unsplash.com/photo-1546069901-ba9599a7e63c","active","Large Pack","306","275","49"
"Organic Catch Health  Safety Item 6","High quality Organic Catch Health  Safety Item 6 selected from premium sources.","Catch","185","167","110","5","Kids","Kids Essentials","Health & Safety","https://images.unsplash.com/photo-1546069901-ba9599a7e63c","https://images.unsplash.com/photo-1546069901-ba9599a7e63c","active","Small Pack","185","167","110"
"Organic Catch Health  Safety Item 6","High quality Organic Catch Health  Safety Item 6 selected from premium sources.","Catch","185","167","110","5","Kids","Kids Essentials","Health & Safety","https://images.unsplash.com/photo-1546069901-ba9599a7e63c","https://images.unsplash.com/photo-1546069901-ba9599a7e63c","active","Large Pack","333","301","55"
"Instant Catch Dispers  More Item 1","High quality Instant Catch Dispers  More Item 1 selected from premium sources.","Catch","120","108","55","5","Kids","Kids Essentials","Dispers & More","https://images.unsplash.com/photo-1546069901-ba9599a7e63c","https://images.unsplash.com/photo-1546069901-ba9599a7e63c","active","Small Pack","120","108","55"
"Instant Catch Dispers  More Item 1","High quality Instant Catch Dispers  More Item 1 selected from premium sources.","Catch","120","108","55","5","Kids","Kids Essentials","Dispers & More","https://images.unsplash.com/photo-1546069901-ba9599a7e63c","https://images.unsplash.com/photo-1546069901-ba9599a7e63c","active","Large Pack","216","194","28"
"Traditional Tata Dispers  More Item 2","High quality Traditional Tata Dispers  More Item 2 selected from premium sources.","Tata","135","122","67","5","Kids","Kids Essentials","Dispers & More","https://images.unsplash.com/photo-1546069901-ba9599a7e63c","https://images.unsplash.com/photo-1546069901-ba9599a7e63c","active","Small Pack","135","122","67"
"Traditional Tata Dispers  More Item 2","High quality Traditional Tata Dispers  More Item 2 selected from premium sources.","Tata","135","122","67","5","Kids","Kids Essentials","Dispers & More","https://images.unsplash.com/photo-1546069901-ba9599a7e63c","https://images.unsplash.com/photo-1546069901-ba9599a7e63c","active","Large Pack","243","220","34"
"Healthy Haldirams Dispers  More Item 3","High quality Healthy Haldirams Dispers  More Item 3 selected from premium sources.","Haldirams","150","135","79","5","Kids","Kids Essentials","Dispers & More","https://images.unsplash.com/photo-1546069901-ba9599a7e63c","https://images.unsplash.com/photo-1546069901-ba9599a7e63c","active","Small Pack","150","135","79"
"Healthy Haldirams Dispers  More Item 3","High quality Healthy Haldirams Dispers  More Item 3 selected from premium sources.","Haldirams","150","135","79","5","Kids","Kids Essentials","Dispers & More","https://images.unsplash.com/photo-1546069901-ba9599a7e63c","https://images.unsplash.com/photo-1546069901-ba9599a7e63c","active","Large Pack","270","243","40"
"Premium Mother Dairy Dispers  More Item 4","High quality Premium Mother Dairy Dispers  More Item 4 selected from premium sources.","Mother Dairy","165","149","91","5","Kids","Kids Essentials","Dispers & More","https://images.unsplash.com/photo-1546069901-ba9599a7e63c","https://images.unsplash.com/photo-1546069901-ba9599a7e63c","active","Small Pack","165","149","91"
"Premium Mother Dairy Dispers  More Item 4","High quality Premium Mother Dairy Dispers  More Item 4 selected from premium sources.","Mother Dairy","165","149","91","5","Kids","Kids Essentials","Dispers & More","https://images.unsplash.com/photo-1546069901-ba9599a7e63c","https://images.unsplash.com/photo-1546069901-ba9599a7e63c","active","Large Pack","297","268","46"
"Organic Amul Dispers  More Item 5","High quality Organic Amul Dispers  More Item 5 selected from premium sources.","Amul","180","162","103","5","Kids","Kids Essentials","Dispers & More","https://images.unsplash.com/photo-1546069901-ba9599a7e63c","https://images.unsplash.com/photo-1546069901-ba9599a7e63c","active","Small Pack","180","162","103"
"Organic Amul Dispers  More Item 5","High quality Organic Amul Dispers  More Item 5 selected from premium sources.","Amul","180","162","103","5","Kids","Kids Essentials","Dispers & More","https://images.unsplash.com/photo-1546069901-ba9599a7e63c","https://images.unsplash.com/photo-1546069901-ba9599a7e63c","active","Large Pack","324","292","52"
"Natural Nestle Dispers  More Item 6","High quality Natural Nestle Dispers  More Item 6 selected from premium sources.","Nestle","195","176","115","5","Kids","Kids Essentials","Dispers & More","https://images.unsplash.com/photo-1546069901-ba9599a7e63c","https://images.unsplash.com/photo-1546069901-ba9599a7e63c","active","Small Pack","195","176","115"
"Natural Nestle Dispers  More Item 6","High quality Natural Nestle Dispers  More Item 6 selected from premium sources.","Nestle","195","176","115","5","Kids","Kids Essentials","Dispers & More","https://images.unsplash.com/photo-1546069901-ba9599a7e63c","https://images.unsplash.com/photo-1546069901-ba9599a7e63c","active","Large Pack","351","317","58"
"Traditional Catch Bathing Needs Item 1","High quality Traditional Catch Bathing Needs Item 1 selected from premium sources.","Catch","130","117","60","5","Kids","Kids Essentials","Bathing Needs","https://images.unsplash.com/photo-1546069901-ba9599a7e63c","https://images.unsplash.com/photo-1546069901-ba9599a7e63c","active","Small Pack","130","117","60"
"Traditional Catch Bathing Needs Item 1","High quality Traditional Catch Bathing Needs Item 1 selected from premium sources.","Catch","130","117","60","5","Kids","Kids Essentials","Bathing Needs","https://images.unsplash.com/photo-1546069901-ba9599a7e63c","https://images.unsplash.com/photo-1546069901-ba9599a7e63c","active","Large Pack","234","211","30"
"Healthy Amul Bathing Needs Item 2","High quality Healthy Amul Bathing Needs Item 2 selected from premium sources.","Amul","145","131","72","5","Kids","Kids Essentials","Bathing Needs","https://images.unsplash.com/photo-1546069901-ba9599a7e63c","https://images.unsplash.com/photo-1546069901-ba9599a7e63c","active","Small Pack","145","131","72"
"Healthy Amul Bathing Needs Item 2","High quality Healthy Amul Bathing Needs Item 2 selected from premium sources.","Amul","145","131","72","5","Kids","Kids Essentials","Bathing Needs","https://images.unsplash.com/photo-1546069901-ba9599a7e63c","https://images.unsplash.com/photo-1546069901-ba9599a7e63c","active","Large Pack","261","236","36"
"Premium Cadbury Bathing Needs Item 3","High quality Premium Cadbury Bathing Needs Item 3 selected from premium sources.","Cadbury","160","144","84","5","Kids","Kids Essentials","Bathing Needs","https://images.unsplash.com/photo-1546069901-ba9599a7e63c","https://images.unsplash.com/photo-1546069901-ba9599a7e63c","active","Small Pack","160","144","84"
"Premium Cadbury Bathing Needs Item 3","High quality Premium Cadbury Bathing Needs Item 3 selected from premium sources.","Cadbury","160","144","84","5","Kids","Kids Essentials","Bathing Needs","https://images.unsplash.com/photo-1546069901-ba9599a7e63c","https://images.unsplash.com/photo-1546069901-ba9599a7e63c","active","Large Pack","288","259","42"
"Organic Haldirams Bathing Needs Item 4","High quality Organic Haldirams Bathing Needs Item 4 selected from premium sources.","Haldirams","175","158","96","5","Kids","Kids Essentials","Bathing Needs","https://images.unsplash.com/photo-1546069901-ba9599a7e63c","https://images.unsplash.com/photo-1546069901-ba9599a7e63c","active","Small Pack","175","158","96"
"Organic Haldirams Bathing Needs Item 4","High quality Organic Haldirams Bathing Needs Item 4 selected from premium sources.","Haldirams","175","158","96","5","Kids","Kids Essentials","Bathing Needs","https://images.unsplash.com/photo-1546069901-ba9599a7e63c","https://images.unsplash.com/photo-1546069901-ba9599a7e63c","active","Large Pack","315","284","48"
"Natural Huggies Bathing Needs Item 5","High quality Natural Huggies Bathing Needs Item 5 selected from premium sources.","Huggies","190","171","108","5","Kids","Kids Essentials","Bathing Needs","https://images.unsplash.com/photo-1546069901-ba9599a7e63c","https://images.unsplash.com/photo-1546069901-ba9599a7e63c","active","Small Pack","190","171","108"
"Natural Huggies Bathing Needs Item 5","High quality Natural Huggies Bathing Needs Item 5 selected from premium sources.","Huggies","190","171","108","5","Kids","Kids Essentials","Bathing Needs","https://images.unsplash.com/photo-1546069901-ba9599a7e63c","https://images.unsplash.com/photo-1546069901-ba9599a7e63c","active","Large Pack","342","308","54"
"Fresh Catch Bathing Needs Item 6","High quality Fresh Catch Bathing Needs Item 6 selected from premium sources.","Catch","205","185","120","5","Kids","Kids Essentials","Bathing Needs","https://images.unsplash.com/photo-1546069901-ba9599a7e63c","https://images.unsplash.com/photo-1546069901-ba9599a7e63c","active","Small Pack","205","185","120"
"Fresh Catch Bathing Needs Item 6","High quality Fresh Catch Bathing Needs Item 6 selected from premium sources.","Catch","205","185","120","5","Kids","Kids Essentials","Bathing Needs","https://images.unsplash.com/photo-1546069901-ba9599a7e63c","https://images.unsplash.com/photo-1546069901-ba9599a7e63c","active","Large Pack","369","333","60"
"Healthy Catch Baby Accessories  Apparel Item 1","High quality Healthy Catch Baby Accessories  Apparel Item 1 selected from premium sources.","Catch","140","126","65","5","Kids","Kids Essentials","Baby Accessories & Apparel","https://images.unsplash.com/photo-1546069901-ba9599a7e63c","https://images.unsplash.com/photo-1546069901-ba9599a7e63c","active","Small Pack","140","126","65"
"Healthy Catch Baby Accessories  Apparel Item 1","High quality Healthy Catch Baby Accessories  Apparel Item 1 selected from premium sources.","Catch","140","126","65","5","Kids","Kids Essentials","Baby Accessories & Apparel","https://images.unsplash.com/photo-1546069901-ba9599a7e63c","https://images.unsplash.com/photo-1546069901-ba9599a7e63c","active","Large Pack","252","227","33"
"Premium Daawat Baby Accessories  Apparel Item 2","High quality Premium Daawat Baby Accessories  Apparel Item 2 selected from premium sources.","Daawat","155","140","77","5","Kids","Kids Essentials","Baby Accessories & Apparel","https://images.unsplash.com/photo-1546069901-ba9599a7e63c","https://images.unsplash.com/photo-1546069901-ba9599a7e63c","active","Small Pack","155","140","77"
"Premium Daawat Baby Accessories  Apparel Item 2","High quality Premium Daawat Baby Accessories  Apparel Item 2 selected from premium sources.","Daawat","155","140","77","5","Kids","Kids Essentials","Baby Accessories & Apparel","https://images.unsplash.com/photo-1546069901-ba9599a7e63c","https://images.unsplash.com/photo-1546069901-ba9599a7e63c","active","Large Pack","279","252","39"
"Organic Amul Baby Accessories  Apparel Item 3","High quality Organic Amul Baby Accessories  Apparel Item 3 selected from premium sources.","Amul","170","153","89","5","Kids","Kids Essentials","Baby Accessories & Apparel","https://images.unsplash.com/photo-1546069901-ba9599a7e63c","https://images.unsplash.com/photo-1546069901-ba9599a7e63c","active","Small Pack","170","153","89"
"Organic Amul Baby Accessories  Apparel Item 3","High quality Organic Amul Baby Accessories  Apparel Item 3 selected from premium sources.","Amul","170","153","89","5","Kids","Kids Essentials","Baby Accessories & Apparel","https://images.unsplash.com/photo-1546069901-ba9599a7e63c","https://images.unsplash.com/photo-1546069901-ba9599a7e63c","active","Large Pack","306","275","45"
"Natural Tata Baby Accessories  Apparel Item 4","High quality Natural Tata Baby Accessories  Apparel Item 4 selected from premium sources.","Tata","185","167","101","5","Kids","Kids Essentials","Baby Accessories & Apparel","https://images.unsplash.com/photo-1546069901-ba9599a7e63c","https://images.unsplash.com/photo-1546069901-ba9599a7e63c","active","Small Pack","185","167","101"
"Natural Tata Baby Accessories  Apparel Item 4","High quality Natural Tata Baby Accessories  Apparel Item 4 selected from premium sources.","Tata","185","167","101","5","Kids","Kids Essentials","Baby Accessories & Apparel","https://images.unsplash.com/photo-1546069901-ba9599a7e63c","https://images.unsplash.com/photo-1546069901-ba9599a7e63c","active","Large Pack","333","301","51"
"Fresh Cadbury Baby Accessories  Apparel Item 5","High quality Fresh Cadbury Baby Accessories  Apparel Item 5 selected from premium sources.","Cadbury","200","180","113","5","Kids","Kids Essentials","Baby Accessories & Apparel","https://images.unsplash.com/photo-1546069901-ba9599a7e63c","https://images.unsplash.com/photo-1546069901-ba9599a7e63c","active","Small Pack","200","180","113"
"Fresh Cadbury Baby Accessories  Apparel Item 5","High quality Fresh Cadbury Baby Accessories  Apparel Item 5 selected from premium sources.","Cadbury","200","180","113","5","Kids","Kids Essentials","Baby Accessories & Apparel","https://images.unsplash.com/photo-1546069901-ba9599a7e63c","https://images.unsplash.com/photo-1546069901-ba9599a7e63c","active","Large Pack","360","324","57"
"Classic Nestle Baby Accessories  Apparel Item 6","High quality Classic Nestle Baby Accessories  Apparel Item 6 selected from premium sources.","Nestle","215","194","125","5","Kids","Kids Essentials","Baby Accessories & Apparel","https://images.unsplash.com/photo-1546069901-ba9599a7e63c","https://images.unsplash.com/photo-1546069901-ba9599a7e63c","active","Small Pack","215","194","125"
"Classic Nestle Baby Accessories  Apparel Item 6","High quality Classic Nestle Baby Accessories  Apparel Item 6 selected from premium sources.","Nestle","215","194","125","5","Kids","Kids Essentials","Baby Accessories & Apparel","https://images.unsplash.com/photo-1546069901-ba9599a7e63c","https://images.unsplash.com/photo-1546069901-ba9599a7e63c","active","Large Pack","387","349","63"
"Premium Catch Mom Care Needs Item 1","High quality Premium Catch Mom Care Needs Item 1 selected from premium sources.","Catch","150","135","70","5","Kids","Kids Essentials","Mom Care Needs","https://images.unsplash.com/photo-1546069901-ba9599a7e63c","https://images.unsplash.com/photo-1546069901-ba9599a7e63c","active","Small Pack","150","135","70"
"Premium Catch Mom Care Needs Item 1","High quality Premium Catch Mom Care Needs Item 1 selected from premium sources.","Catch","150","135","70","5","Kids","Kids Essentials","Mom Care Needs","https://images.unsplash.com/photo-1546069901-ba9599a7e63c","https://images.unsplash.com/photo-1546069901-ba9599a7e63c","active","Large Pack","270","243","35"
"Organic Catch Mom Care Needs Item 2","High quality Organic Catch Mom Care Needs Item 2 selected from premium sources.","Catch","165","149","82","5","Kids","Kids Essentials","Mom Care Needs","https://images.unsplash.com/photo-1546069901-ba9599a7e63c","https://images.unsplash.com/photo-1546069901-ba9599a7e63c","active","Small Pack","165","149","82"
"Organic Catch Mom Care Needs Item 2","High quality Organic Catch Mom Care Needs Item 2 selected from premium sources.","Catch","165","149","82","5","Kids","Kids Essentials","Mom Care Needs","https://images.unsplash.com/photo-1546069901-ba9599a7e63c","https://images.unsplash.com/photo-1546069901-ba9599a7e63c","active","Large Pack","297","268","41"
"Natural Catch Mom Care Needs Item 3","High quality Natural Catch Mom Care Needs Item 3 selected from premium sources.","Catch","180","162","94","5","Kids","Kids Essentials","Mom Care Needs","https://images.unsplash.com/photo-1546069901-ba9599a7e63c","https://images.unsplash.com/photo-1546069901-ba9599a7e63c","active","Small Pack","180","162","94"
"Natural Catch Mom Care Needs Item 3","High quality Natural Catch Mom Care Needs Item 3 selected from premium sources.","Catch","180","162","94","5","Kids","Kids Essentials","Mom Care Needs","https://images.unsplash.com/photo-1546069901-ba9599a7e63c","https://images.unsplash.com/photo-1546069901-ba9599a7e63c","active","Large Pack","324","292","47"
"Fresh Catch Mom Care Needs Item 4","High quality Fresh Catch Mom Care Needs Item 4 selected from premium sources.","Catch","195","176","106","5","Kids","Kids Essentials","Mom Care Needs","https://images.unsplash.com/photo-1546069901-ba9599a7e63c","https://images.unsplash.com/photo-1546069901-ba9599a7e63c","active","Small Pack","195","176","106"
"Fresh Catch Mom Care Needs Item 4","High quality Fresh Catch Mom Care Needs Item 4 selected from premium sources.","Catch","195","176","106","5","Kids","Kids Essentials","Mom Care Needs","https://images.unsplash.com/photo-1546069901-ba9599a7e63c","https://images.unsplash.com/photo-1546069901-ba9599a7e63c","active","Large Pack","351","317","53"
"Classic Catch Mom Care Needs Item 5","High quality Classic Catch Mom Care Needs Item 5 selected from premium sources.","Catch","210","189","118","5","Kids","Kids Essentials","Mom Care Needs","https://images.unsplash.com/photo-1546069901-ba9599a7e63c","https://images.unsplash.com/photo-1546069901-ba9599a7e63c","active","Small Pack","210","189","118"
"Classic Catch Mom Care Needs Item 5","High quality Classic Catch Mom Care Needs Item 5 selected from premium sources.","Catch","210","189","118","5","Kids","Kids Essentials","Mom Care Needs","https://images.unsplash.com/photo-1546069901-ba9599a7e63c","https://images.unsplash.com/photo-1546069901-ba9599a7e63c","active","Large Pack","378","340","59"
"Sweet Catch Mom Care Needs Item 6","High quality Sweet Catch Mom Care Needs Item 6 selected from premium sources.","Catch","225","203","130","5","Kids","Kids Essentials","Mom Care Needs","https://images.unsplash.com/photo-1546069901-ba9599a7e63c","https://images.unsplash.com/photo-1546069901-ba9599a7e63c","active","Small Pack","225","203","130"
"Sweet Catch Mom Care Needs Item 6","High quality Sweet Catch Mom Care Needs Item 6 selected from premium sources.","Catch","225","203","130","5","Kids","Kids Essentials","Mom Care Needs","https://images.unsplash.com/photo-1546069901-ba9599a7e63c","https://images.unsplash.com/photo-1546069901-ba9599a7e63c","active","Large Pack","405","365","65"
"Organic Catch Hygiene Item 1","High quality Organic Catch Hygiene Item 1 selected from premium sources.","Catch","160","144","75","5","Kids","Kids Essentials","Hygiene","https://images.unsplash.com/photo-1546069901-ba9599a7e63c","https://images.unsplash.com/photo-1546069901-ba9599a7e63c","active","Small Pack","160","144","75"
"Organic Catch Hygiene Item 1","High quality Organic Catch Hygiene Item 1 selected from premium sources.","Catch","160","144","75","5","Kids","Kids Essentials","Hygiene","https://images.unsplash.com/photo-1546069901-ba9599a7e63c","https://images.unsplash.com/photo-1546069901-ba9599a7e63c","active","Large Pack","288","259","38"
"Natural Mother Dairy Hygiene Item 2","High quality Natural Mother Dairy Hygiene Item 2 selected from premium sources.","Mother Dairy","175","158","87","5","Kids","Kids Essentials","Hygiene","https://images.unsplash.com/photo-1546069901-ba9599a7e63c","https://images.unsplash.com/photo-1546069901-ba9599a7e63c","active","Small Pack","175","158","87"
"Natural Mother Dairy Hygiene Item 2","High quality Natural Mother Dairy Hygiene Item 2 selected from premium sources.","Mother Dairy","175","158","87","5","Kids","Kids Essentials","Hygiene","https://images.unsplash.com/photo-1546069901-ba9599a7e63c","https://images.unsplash.com/photo-1546069901-ba9599a7e63c","active","Large Pack","315","284","44"
"Fresh Huggies Hygiene Item 3","High quality Fresh Huggies Hygiene Item 3 selected from premium sources.","Huggies","190","171","99","5","Kids","Kids Essentials","Hygiene","https://images.unsplash.com/photo-1546069901-ba9599a7e63c","https://images.unsplash.com/photo-1546069901-ba9599a7e63c","active","Small Pack","190","171","99"
"Fresh Huggies Hygiene Item 3","High quality Fresh Huggies Hygiene Item 3 selected from premium sources.","Huggies","190","171","99","5","Kids","Kids Essentials","Hygiene","https://images.unsplash.com/photo-1546069901-ba9599a7e63c","https://images.unsplash.com/photo-1546069901-ba9599a7e63c","active","Large Pack","342","308","50"
"Classic Aptamil Hygiene Item 4","High quality Classic Aptamil Hygiene Item 4 selected from premium sources.","Aptamil","205","185","111","5","Kids","Kids Essentials","Hygiene","https://images.unsplash.com/photo-1546069901-ba9599a7e63c","https://images.unsplash.com/photo-1546069901-ba9599a7e63c","active","Small Pack","205","185","111"
"Classic Aptamil Hygiene Item 4","High quality Classic Aptamil Hygiene Item 4 selected from premium sources.","Aptamil","205","185","111","5","Kids","Kids Essentials","Hygiene","https://images.unsplash.com/photo-1546069901-ba9599a7e63c","https://images.unsplash.com/photo-1546069901-ba9599a7e63c","active","Large Pack","369","333","56"
"Sweet Haldirams Hygiene Item 5","High quality Sweet Haldirams Hygiene Item 5 selected from premium sources.","Haldirams","220","198","123","5","Kids","Kids Essentials","Hygiene","https://images.unsplash.com/photo-1546069901-ba9599a7e63c","https://images.unsplash.com/photo-1546069901-ba9599a7e63c","active","Small Pack","220","198","123"
"Sweet Haldirams Hygiene Item 5","High quality Sweet Haldirams Hygiene Item 5 selected from premium sources.","Haldirams","220","198","123","5","Kids","Kids Essentials","Hygiene","https://images.unsplash.com/photo-1546069901-ba9599a7e63c","https://images.unsplash.com/photo-1546069901-ba9599a7e63c","active","Large Pack","396","356","62"
"Pure Nestle Hygiene Item 6","High quality Pure Nestle Hygiene Item 6 selected from premium sources.","Nestle","235","212","135","5","Kids","Kids Essentials","Hygiene","https://images.unsplash.com/photo-1546069901-ba9599a7e63c","https://images.unsplash.com/photo-1546069901-ba9599a7e63c","active","Small Pack","235","212","135"
"Pure Nestle Hygiene Item 6","High quality Pure Nestle Hygiene Item 6 selected from premium sources.","Nestle","235","212","135","5","Kids","Kids Essentials","Hygiene","https://images.unsplash.com/photo-1546069901-ba9599a7e63c","https://images.unsplash.com/photo-1546069901-ba9599a7e63c","active","Large Pack","423","382","68"
"Natural Catch Nursing Item 1","High quality Natural Catch Nursing Item 1 selected from premium sources.","Catch","170","153","80","5","Kids","Kids Essentials","Nursing","https://images.unsplash.com/photo-1546069901-ba9599a7e63c","https://images.unsplash.com/photo-1546069901-ba9599a7e63c","active","Small Pack","170","153","80"
"Natural Catch Nursing Item 1","High quality Natural Catch Nursing Item 1 selected from premium sources.","Catch","170","153","80","5","Kids","Kids Essentials","Nursing","https://images.unsplash.com/photo-1546069901-ba9599a7e63c","https://images.unsplash.com/photo-1546069901-ba9599a7e63c","active","Large Pack","306","275","40"
"Fresh Huggies Nursing Item 2","High quality Fresh Huggies Nursing Item 2 selected from premium sources.","Huggies","185","167","92","5","Kids","Kids Essentials","Nursing","https://images.unsplash.com/photo-1546069901-ba9599a7e63c","https://images.unsplash.com/photo-1546069901-ba9599a7e63c","active","Small Pack","185","167","92"
"Fresh Huggies Nursing Item 2","High quality Fresh Huggies Nursing Item 2 selected from premium sources.","Huggies","185","167","92","5","Kids","Kids Essentials","Nursing","https://images.unsplash.com/photo-1546069901-ba9599a7e63c","https://images.unsplash.com/photo-1546069901-ba9599a7e63c","active","Large Pack","333","301","46"
"Classic Haldirams Nursing Item 3","High quality Classic Haldirams Nursing Item 3 selected from premium sources.","Haldirams","200","180","104","5","Kids","Kids Essentials","Nursing","https://images.unsplash.com/photo-1546069901-ba9599a7e63c","https://images.unsplash.com/photo-1546069901-ba9599a7e63c","active","Small Pack","200","180","104"
"Classic Haldirams Nursing Item 3","High quality Classic Haldirams Nursing Item 3 selected from premium sources.","Haldirams","200","180","104","5","Kids","Kids Essentials","Nursing","https://images.unsplash.com/photo-1546069901-ba9599a7e63c","https://images.unsplash.com/photo-1546069901-ba9599a7e63c","active","Large Pack","360","324","52"
"Sweet Cadbury Nursing Item 4","High quality Sweet Cadbury Nursing Item 4 selected from premium sources.","Cadbury","215","194","116","5","Kids","Kids Essentials","Nursing","https://images.unsplash.com/photo-1546069901-ba9599a7e63c","https://images.unsplash.com/photo-1546069901-ba9599a7e63c","active","Small Pack","215","194","116"
"Sweet Cadbury Nursing Item 4","High quality Sweet Cadbury Nursing Item 4 selected from premium sources.","Cadbury","215","194","116","5","Kids","Kids Essentials","Nursing","https://images.unsplash.com/photo-1546069901-ba9599a7e63c","https://images.unsplash.com/photo-1546069901-ba9599a7e63c","active","Large Pack","387","349","58"
"Pure Amul Nursing Item 5","High quality Pure Amul Nursing Item 5 selected from premium sources.","Amul","230","207","128","5","Kids","Kids Essentials","Nursing","https://images.unsplash.com/photo-1546069901-ba9599a7e63c","https://images.unsplash.com/photo-1546069901-ba9599a7e63c","active","Small Pack","230","207","128"
"Pure Amul Nursing Item 5","High quality Pure Amul Nursing Item 5 selected from premium sources.","Amul","230","207","128","5","Kids","Kids Essentials","Nursing","https://images.unsplash.com/photo-1546069901-ba9599a7e63c","https://images.unsplash.com/photo-1546069901-ba9599a7e63c","active","Large Pack","414","373","64"
"Instant Catch Nursing Item 6","High quality Instant Catch Nursing Item 6 selected from premium sources.","Catch","245","221","140","5","Kids","Kids Essentials","Nursing","https://images.unsplash.com/photo-1546069901-ba9599a7e63c","https://images.unsplash.com/photo-1546069901-ba9599a7e63c","active","Small Pack","245","221","140"
"Instant Catch Nursing Item 6","High quality Instant Catch Nursing Item 6 selected from premium sources.","Catch","245","221","140","5","Kids","Kids Essentials","Nursing","https://images.unsplash.com/photo-1546069901-ba9599a7e63c","https://images.unsplash.com/photo-1546069901-ba9599a7e63c","active","Large Pack","441","398","70"
"Fresh Catch Baby Gifting  Toys Item 1","High quality Fresh Catch Baby Gifting  Toys Item 1 selected from premium sources.","Catch","180","162","85","5","Kids","Toys","Baby Gifting & Toys","https://images.unsplash.com/photo-1546069901-ba9599a7e63c","https://images.unsplash.com/photo-1546069901-ba9599a7e63c","active","Small Pack","180","162","85"
"Fresh Catch Baby Gifting  Toys Item 1","High quality Fresh Catch Baby Gifting  Toys Item 1 selected from premium sources.","Catch","180","162","85","5","Kids","Toys","Baby Gifting & Toys","https://images.unsplash.com/photo-1546069901-ba9599a7e63c","https://images.unsplash.com/photo-1546069901-ba9599a7e63c","active","Large Pack","324","292","43"
"Classic Aptamil Baby Gifting  Toys Item 2","High quality Classic Aptamil Baby Gifting  Toys Item 2 selected from premium sources.","Aptamil","195","176","97","5","Kids","Toys","Baby Gifting & Toys","https://images.unsplash.com/photo-1546069901-ba9599a7e63c","https://images.unsplash.com/photo-1546069901-ba9599a7e63c","active","Small Pack","195","176","97"
"Classic Aptamil Baby Gifting  Toys Item 2","High quality Classic Aptamil Baby Gifting  Toys Item 2 selected from premium sources.","Aptamil","195","176","97","5","Kids","Toys","Baby Gifting & Toys","https://images.unsplash.com/photo-1546069901-ba9599a7e63c","https://images.unsplash.com/photo-1546069901-ba9599a7e63c","active","Large Pack","351","317","49"
"Sweet Cadbury Baby Gifting  Toys Item 3","High quality Sweet Cadbury Baby Gifting  Toys Item 3 selected from premium sources.","Cadbury","210","189","109","5","Kids","Toys","Baby Gifting & Toys","https://images.unsplash.com/photo-1546069901-ba9599a7e63c","https://images.unsplash.com/photo-1546069901-ba9599a7e63c","active","Small Pack","210","189","109"
"Sweet Cadbury Baby Gifting  Toys Item 3","High quality Sweet Cadbury Baby Gifting  Toys Item 3 selected from premium sources.","Cadbury","210","189","109","5","Kids","Toys","Baby Gifting & Toys","https://images.unsplash.com/photo-1546069901-ba9599a7e63c","https://images.unsplash.com/photo-1546069901-ba9599a7e63c","active","Large Pack","378","340","55"
"Pure Daawat Baby Gifting  Toys Item 4","High quality Pure Daawat Baby Gifting  Toys Item 4 selected from premium sources.","Daawat","225","203","121","5","Kids","Toys","Baby Gifting & Toys","https://images.unsplash.com/photo-1546069901-ba9599a7e63c","https://images.unsplash.com/photo-1546069901-ba9599a7e63c","active","Small Pack","225","203","121"
"Pure Daawat Baby Gifting  Toys Item 4","High quality Pure Daawat Baby Gifting  Toys Item 4 selected from premium sources.","Daawat","225","203","121","5","Kids","Toys","Baby Gifting & Toys","https://images.unsplash.com/photo-1546069901-ba9599a7e63c","https://images.unsplash.com/photo-1546069901-ba9599a7e63c","active","Large Pack","405","365","61"
"Instant Huggies Baby Gifting  Toys Item 5","High quality Instant Huggies Baby Gifting  Toys Item 5 selected from premium sources.","Huggies","240","216","133","5","Kids","Toys","Baby Gifting & Toys","https://images.unsplash.com/photo-1546069901-ba9599a7e63c","https://images.unsplash.com/photo-1546069901-ba9599a7e63c","active","Small Pack","240","216","133"
"Instant Huggies Baby Gifting  Toys Item 5","High quality Instant Huggies Baby Gifting  Toys Item 5 selected from premium sources.","Huggies","240","216","133","5","Kids","Toys","Baby Gifting & Toys","https://images.unsplash.com/photo-1546069901-ba9599a7e63c","https://images.unsplash.com/photo-1546069901-ba9599a7e63c","active","Large Pack","432","389","67"
"Traditional Nestle Baby Gifting  Toys Item 6","High quality Traditional Nestle Baby Gifting  Toys Item 6 selected from premium sources.","Nestle","255","230","145","5","Kids","Toys","Baby Gifting & Toys","https://images.unsplash.com/photo-1546069901-ba9599a7e63c","https://images.unsplash.com/photo-1546069901-ba9599a7e63c","active","Small Pack","255","230","145"
"Traditional Nestle Baby Gifting  Toys Item 6","High quality Traditional Nestle Baby Gifting  Toys Item 6 selected from premium sources.","Nestle","255","230","145","5","Kids","Toys","Baby Gifting & Toys","https://images.unsplash.com/photo-1546069901-ba9599a7e63c","https://images.unsplash.com/photo-1546069901-ba9599a7e63c","active","Large Pack","459","414","73"
"Classic Catch Flowers  Leaves Item 1","High quality Classic Catch Flowers  Leaves Item 1 selected from premium sources.","Catch","190","171","90","5","Grocery","Fruits & Vegetables","Flowers & Leaves","https://images.unsplash.com/photo-1546069901-ba9599a7e63c","https://images.unsplash.com/photo-1546069901-ba9599a7e63c","active","Small Pack","190","171","90"
"Classic Catch Flowers  Leaves Item 1","High quality Classic Catch Flowers  Leaves Item 1 selected from premium sources.","Catch","190","171","90","5","Grocery","Fruits & Vegetables","Flowers & Leaves","https://images.unsplash.com/photo-1546069901-ba9599a7e63c","https://images.unsplash.com/photo-1546069901-ba9599a7e63c","active","Large Pack","342","308","45"
"Sweet Haldirams Flowers  Leaves Item 2","High quality Sweet Haldirams Flowers  Leaves Item 2 selected from premium sources.","Haldirams","205","185","102","5","Grocery","Fruits & Vegetables","Flowers & Leaves","https://images.unsplash.com/photo-1546069901-ba9599a7e63c","https://images.unsplash.com/photo-1546069901-ba9599a7e63c","active","Small Pack","205","185","102"
"Sweet Haldirams Flowers  Leaves Item 2","High quality Sweet Haldirams Flowers  Leaves Item 2 selected from premium sources.","Haldirams","205","185","102","5","Grocery","Fruits & Vegetables","Flowers & Leaves","https://images.unsplash.com/photo-1546069901-ba9599a7e63c","https://images.unsplash.com/photo-1546069901-ba9599a7e63c","active","Large Pack","369","333","51"
"Pure Amul Flowers  Leaves Item 3","High quality Pure Amul Flowers  Leaves Item 3 selected from premium sources.","Amul","220","198","114","5","Grocery","Fruits & Vegetables","Flowers & Leaves","https://images.unsplash.com/photo-1546069901-ba9599a7e63c","https://images.unsplash.com/photo-1546069901-ba9599a7e63c","active","Small Pack","220","198","114"
"Pure Amul Flowers  Leaves Item 3","High quality Pure Amul Flowers  Leaves Item 3 selected from premium sources.","Amul","220","198","114","5","Grocery","Fruits & Vegetables","Flowers & Leaves","https://images.unsplash.com/photo-1546069901-ba9599a7e63c","https://images.unsplash.com/photo-1546069901-ba9599a7e63c","active","Large Pack","396","356","57"
"Instant Huggies Flowers  Leaves Item 4","High quality Instant Huggies Flowers  Leaves Item 4 selected from premium sources.","Huggies","235","212","126","5","Grocery","Fruits & Vegetables","Flowers & Leaves","https://images.unsplash.com/photo-1546069901-ba9599a7e63c","https://images.unsplash.com/photo-1546069901-ba9599a7e63c","active","Small Pack","235","212","126"
"Instant Huggies Flowers  Leaves Item 4","High quality Instant Huggies Flowers  Leaves Item 4 selected from premium sources.","Huggies","235","212","126","5","Grocery","Fruits & Vegetables","Flowers & Leaves","https://images.unsplash.com/photo-1546069901-ba9599a7e63c","https://images.unsplash.com/photo-1546069901-ba9599a7e63c","active","Large Pack","423","382","63"
"Traditional Cadbury Flowers  Leaves Item 5","High quality Traditional Cadbury Flowers  Leaves Item 5 selected from premium sources.","Cadbury","250","225","138","5","Grocery","Fruits & Vegetables","Flowers & Leaves","https://images.unsplash.com/photo-1546069901-ba9599a7e63c","https://images.unsplash.com/photo-1546069901-ba9599a7e63c","active","Small Pack","250","225","138"
"Traditional Cadbury Flowers  Leaves Item 5","High quality Traditional Cadbury Flowers  Leaves Item 5 selected from premium sources.","Cadbury","250","225","138","5","Grocery","Fruits & Vegetables","Flowers & Leaves","https://images.unsplash.com/photo-1546069901-ba9599a7e63c","https://images.unsplash.com/photo-1546069901-ba9599a7e63c","active","Large Pack","450","405","69"
"Healthy Catch Flowers  Leaves Item 6","High quality Healthy Catch Flowers  Leaves Item 6 selected from premium sources.","Catch","265","239","150","5","Grocery","Fruits & Vegetables","Flowers & Leaves","https://images.unsplash.com/photo-1546069901-ba9599a7e63c","https://images.unsplash.com/photo-1546069901-ba9599a7e63c","active","Small Pack","265","239","150"
"Healthy Catch Flowers  Leaves Item 6","High quality Healthy Catch Flowers  Leaves Item 6 selected from premium sources.","Catch","265","239","150","5","Grocery","Fruits & Vegetables","Flowers & Leaves","https://images.unsplash.com/photo-1546069901-ba9599a7e63c","https://images.unsplash.com/photo-1546069901-ba9599a7e63c","active","Large Pack","477","430","75"
"Premium Haldirams Flowers  Leaves Item 7","High quality Premium Haldirams Flowers  Leaves Item 7 selected from premium sources.","Haldirams","280","252","162","5","Grocery","Fruits & Vegetables","Flowers & Leaves","https://images.unsplash.com/photo-1546069901-ba9599a7e63c","https://images.unsplash.com/photo-1546069901-ba9599a7e63c","active","Small Pack","280","252","162"
"Premium Haldirams Flowers  Leaves Item 7","High quality Premium Haldirams Flowers  Leaves Item 7 selected from premium sources.","Haldirams","280","252","162","5","Grocery","Fruits & Vegetables","Flowers & Leaves","https://images.unsplash.com/photo-1546069901-ba9599a7e63c","https://images.unsplash.com/photo-1546069901-ba9599a7e63c","active","Large Pack","504","454","81"
"Organic Amul Flowers  Leaves Item 8","High quality Organic Amul Flowers  Leaves Item 8 selected from premium sources.","Amul","295","266","24","5","Grocery","Fruits & Vegetables","Flowers & Leaves","https://images.unsplash.com/photo-1546069901-ba9599a7e63c","https://images.unsplash.com/photo-1546069901-ba9599a7e63c","active","Small Pack","295","266","24"
"Organic Amul Flowers  Leaves Item 8","High quality Organic Amul Flowers  Leaves Item 8 selected from premium sources.","Amul","295","266","24","5","Grocery","Fruits & Vegetables","Flowers & Leaves","https://images.unsplash.com/photo-1546069901-ba9599a7e63c","https://images.unsplash.com/photo-1546069901-ba9599a7e63c","active","Large Pack","531","479","12"
"Natural Huggies Flowers  Leaves Item 9","High quality Natural Huggies Flowers  Leaves Item 9 selected from premium sources.","Huggies","310","279","36","5","Grocery","Fruits & Vegetables","Flowers & Leaves","https://images.unsplash.com/photo-1546069901-ba9599a7e63c","https://images.unsplash.com/photo-1546069901-ba9599a7e63c","active","Small Pack","310","279","36"
"Natural Huggies Flowers  Leaves Item 9","High quality Natural Huggies Flowers  Leaves Item 9 selected from premium sources.","Huggies","310","279","36","5","Grocery","Fruits & Vegetables","Flowers & Leaves","https://images.unsplash.com/photo-1546069901-ba9599a7e63c","https://images.unsplash.com/photo-1546069901-ba9599a7e63c","active","Large Pack","558","502","18"
"Fresh Cadbury Flowers  Leaves Item 10","High quality Fresh Cadbury Flowers  Leaves Item 10 selected from premium sources.","Cadbury","325","293","48","5","Grocery","Fruits & Vegetables","Flowers & Leaves","https://images.unsplash.com/photo-1546069901-ba9599a7e63c","https://images.unsplash.com/photo-1546069901-ba9599a7e63c","active","Small Pack","325","293","48"
"Fresh Cadbury Flowers  Leaves Item 10","High quality Fresh Cadbury Flowers  Leaves Item 10 selected from premium sources.","Cadbury","325","293","48","5","Grocery","Fruits & Vegetables","Flowers & Leaves","https://images.unsplash.com/photo-1546069901-ba9599a7e63c","https://images.unsplash.com/photo-1546069901-ba9599a7e63c","active","Large Pack","585","527","24"
"Classic Catch Flowers  Leaves Item 11","High quality Classic Catch Flowers  Leaves Item 11 selected from premium sources.","Catch","340","306","60","5","Grocery","Fruits & Vegetables","Flowers & Leaves","https://images.unsplash.com/photo-1546069901-ba9599a7e63c","https://images.unsplash.com/photo-1546069901-ba9599a7e63c","active","Small Pack","340","306","60"
"Classic Catch Flowers  Leaves Item 11","High quality Classic Catch Flowers  Leaves Item 11 selected from premium sources.","Catch","340","306","60","5","Grocery","Fruits & Vegetables","Flowers & Leaves","https://images.unsplash.com/photo-1546069901-ba9599a7e63c","https://images.unsplash.com/photo-1546069901-ba9599a7e63c","active","Large Pack","612","551","30"
"Sweet Haldirams Flowers  Leaves Item 12","High quality Sweet Haldirams Flowers  Leaves Item 12 selected from premium sources.","Haldirams","355","320","72","5","Grocery","Fruits & Vegetables","Flowers & Leaves","https://images.unsplash.com/photo-1546069901-ba9599a7e63c","https://images.unsplash.com/photo-1546069901-ba9599a7e63c","active","Small Pack","355","320","72"
"Sweet Haldirams Flowers  Leaves Item 12","High quality Sweet Haldirams Flowers  Leaves Item 12 selected from premium sources.","Haldirams","355","320","72","5","Grocery","Fruits & Vegetables","Flowers & Leaves","https://images.unsplash.com/photo-1546069901-ba9599a7e63c","https://images.unsplash.com/photo-1546069901-ba9599a7e63c","active","Large Pack","639","576","36"
"Pure Amul Flowers  Leaves Item 13","High quality Pure Amul Flowers  Leaves Item 13 selected from premium sources.","Amul","370","333","84","5","Grocery","Fruits & Vegetables","Flowers & Leaves","https://images.unsplash.com/photo-1546069901-ba9599a7e63c","https://images.unsplash.com/photo-1546069901-ba9599a7e63c","active","Small Pack","370","333","84"
"Pure Amul Flowers  Leaves Item 13","High quality Pure Amul Flowers  Leaves Item 13 selected from premium sources.","Amul","370","333","84","5","Grocery","Fruits & Vegetables","Flowers & Leaves","https://images.unsplash.com/photo-1546069901-ba9599a7e63c","https://images.unsplash.com/photo-1546069901-ba9599a7e63c","active","Large Pack","666","599","42"
"Instant Huggies Flowers  Leaves Item 14","High quality Instant Huggies Flowers  Leaves Item 14 selected from premium sources.","Huggies","385","347","96","5","Grocery","Fruits & Vegetables","Flowers & Leaves","https://images.unsplash.com/photo-1546069901-ba9599a7e63c","https://images.unsplash.com/photo-1546069901-ba9599a7e63c","active","Small Pack","385","347","96"
"Instant Huggies Flowers  Leaves Item 14","High quality Instant Huggies Flowers  Leaves Item 14 selected from premium sources.","Huggies","385","347","96","5","Grocery","Fruits & Vegetables","Flowers & Leaves","https://images.unsplash.com/photo-1546069901-ba9599a7e63c","https://images.unsplash.com/photo-1546069901-ba9599a7e63c","active","Large Pack","693","625","48"
"Traditional Cadbury Flowers  Leaves Item 15","High quality Traditional Cadbury Flowers  Leaves Item 15 selected from premium sources.","Cadbury","400","360","108","5","Grocery","Fruits & Vegetables","Flowers & Leaves","https://images.unsplash.com/photo-1546069901-ba9599a7e63c","https://images.unsplash.com/photo-1546069901-ba9599a7e63c","active","Small Pack","400","360","108"
"Traditional Cadbury Flowers  Leaves Item 15","High quality Traditional Cadbury Flowers  Leaves Item 15 selected from premium sources.","Cadbury","400","360","108","5","Grocery","Fruits & Vegetables","Flowers & Leaves","https://images.unsplash.com/photo-1546069901-ba9599a7e63c","https://images.unsplash.com/photo-1546069901-ba9599a7e63c","active","Large Pack","720","648","54"
"Healthy Catch Flowers  Leaves Item 16","High quality Healthy Catch Flowers  Leaves Item 16 selected from premium sources.","Catch","415","374","120","5","Grocery","Fruits & Vegetables","Flowers & Leaves","https://images.unsplash.com/photo-1546069901-ba9599a7e63c","https://images.unsplash.com/photo-1546069901-ba9599a7e63c","active","Small Pack","415","374","120"
"Healthy Catch Flowers  Leaves Item 16","High quality Healthy Catch Flowers  Leaves Item 16 selected from premium sources.","Catch","415","374","120","5","Grocery","Fruits & Vegetables","Flowers & Leaves","https://images.unsplash.com/photo-1546069901-ba9599a7e63c","https://images.unsplash.com/photo-1546069901-ba9599a7e63c","active","Large Pack","747","673","60"